"Im Demo Modus kann das letzte Zimmer nicht gelöscht werden","You can not remove the last room if the programm is in demo mode","NULL","NULL","In demo modus kan de laaste kamer niet gewist worden"
"Der Testbenutzer kann im Demo-Modus nicht verändert werden.","You can not change the test user in the demo mode.","NULL","NULL","De testgebruiker kan in demo modus niet aangepast worden."
"Es ist mindestens eine Übernachtung erforderlich","It is at least one overnight necessary","C'est au moins un nécessaire durant la nuit","NULL","Minstens één overnachting is noodzakelijk"
"Sie können den Belegungsplan betrachten,<br>indem Sie eine Auswahl treffen und auf [Belegungsplan anzeigen] klicken...","You can check the availability overview<br>if you click on [show availability overview]...","Vous pouvez vérifier la vue de disponibilité au mement que vous auvais choisit votre choix. Ensuite vous clique sur la vue de [Disponibilité]...","Võite vaadata broneerimisplaani,<br> kui teete valiku ja vajutate [Näita broneerimisplaani]","U kunt de beschikbaarheid bekijken,<br>wanneer u een keuze maakt en op [Reserveringsoverzicht tonen] klikt…","NULL"
"Belegungsplan für:","Availability overview for:","Disponibilité pour:","Broneerimine","Reserveringsoverzicht voor:","NULL"
"Belegungsplan anzeigen","Show availability overview","Montrer la vue de Disponibilité","Näita broneerimisplaani","Reserveringsoverzicht tonen","NULL"
"...oder eine automatische Suche durchführen, <br>indem sie unterstehende Daten angeben und [Suche starten] klicken.","...or you can fill out the form below and click on [start search].","ou compléter une recherche automatiquement et vous complitez la form ci desous et cliqueter desus [commencez la recherche].","...või täitke ankeet (otsingu väljad) ja vajutage nuppu [Otsing].","...of een automatische zoekopdracht uitvoeren,<br>wanneer u navolgende gegevens invuld en op [Zoeken starten] klikt.","NULL"
"Jahr","Year","Année","Aasta","Jaar","NULL"
"Monat","Month","Mois","Kuu","Maand","NULL"
"belegt","occupied","occupé","hõivatud","gereserveerd","NULL"
"Suchformular öffnen","open search form","Ouvrez le formular de recherche","Ava ankeet","Zoekformulier openen","NULL"
"Jahresübersicht öffnen","open overview for one year","disponibilités sur l´année","ava aasta ülevaade","Jaaroverzicht openen","NULL"
"frei","available","libre","vaba","vrij","NULL"
"Anfrage","Reservation","Réservation","Broneering","Reservering","NULL"
"von","from","de","alates","van","NULL"
"Januar","january","janvier","jaanuar","januari","NULL"
"Februar","februar","février","veebruar","februari","NULL"
"März","march","mars","märts","maart","NULL"
"April","april","avril","aprill","april","NULL"
"Mai","may","mai","mai","mei","NULL"
"Juni","june","juin","juuni","juni","NULL"
"Juli","july","juillet","juuli","juli","NULL"
"August","august","août","august","augustus","NULL"
"September","september","septembre","september","september","NULL"
"Oktober","october","octobre","oktoober","oktober","NULL"
"November","november","novembre","november","november","NULL"
"Dezember","december","décembre","detsember","december","NULL"
"bis","to","au","kuni","tot","NULL"
"Anfrage absenden...","send reservation","Envoi de réservation...","Saada broneering","Reservering versturen","NULL"
"Anfrage per E-Mail","send request with e-mail","Renseignement par e-mail","Lisainformatsioon e-maili teel","Aanvraag per E-Mail","NULL"
"<p>Das gewählte Monat ist bereits abgelaufen!</p><p>Bitte korrigieren Sie Ihre Anfrage!</p>","<p>The selected month is expired!</p><p>Please select a correct one!</p>","<p>le mois choisi est déjà passé</p><p>s&acute;il vous plaît choisissez un mois correct</p>","valitud kuu on mõõdas! </p><p> Palun parandage oma päring","<p>De gekozen maand ligt in het verleden!</p><p>Uw aanvraag a.u.b. aanpassen!</p>","NULL"
"Das gewählte Datum ist bereits abgelaufen.","The selected date already ran off.","La date choisie a coulé déjà.","NULL","De gekozen datum ligt in het verleden."
"Belegungsplan","Availability overview","Disponibilité des chambres","Broneerimisplaan","Reserveringsoverzicht","NULL"
"zurück","back","retour","tagasi","terug","NULL"
"weiter","next","suivant","edasi","verder","NULL"
"Name","Name","Nom","Nimi","Naam","NULL"
"E-Mail-Adresse","E-mail-address","Adresse e-mail","E-mail","E-Mailadres","NULL"
"Telefonnummer","Telefon number","Numero de téléphone","Telefon","Telefoonnummer","NULL"
"Faxnummer","Fax number","Numero de fax","Faks","Faxnummer","NULL"
"Ihre Nachricht","Your message","Votre message","Teie teade","Uw bericht","NULL"
"Die mit * gekennzeichneten Felder müssen ausgefüllt werden!","The fields with &acute;*&acute; must be filled in!","Les champs  marqués d&acute;une *  doivent être remplis!","Tärniga (*) tähistatud väljade täitmine on kohustuslik","De met * gemarkeerde velden moeten ingevuld worden!","NULL"
"Absenden","send","envoyer","saada","versturen","NULL"
"Zurücksetzen","clear fields","annuler","tühjenda väljad","terugzetten","NULL"
"Bitte geben Sie Ihren Namen ein!","Please fill in your name!","S´il vous plaît écrivez votre nom!","palun sisestage oma nimi","Uw naam invullen a.u.b.!","NULL"
"Telefon","Telefon","Téléphone","Telefon","Telefoon","NULL"
"MO","MO","LU","E","MA","NULL"
"DI","TU","MA","T","DI","NULL"
"MI","WE","ME","K","WO","NULL"
"DO","TH","JE","N","DO","NULL"
"FR","FR","VE","R","VR","NULL"
"SA","SA","SA","L","ZA","NULL"
"SO","SU","DI","P","ZO","NULL"
"Montag","Monday","NULL","NULL","Maandag","NULL"
"Dienstag","Tuesday","NULL","NULL","Dinsdag","NULL"
"Mittwoch","Wednesday","NULL","NULL","Woensdag","NULL"
"Donnerstag","Thusday","NULL","NULL","Donderdag","NULL"
"Freitag","Friday","NULL","NULL","Vrijdag","NULL"
"Samstag","Saturday","NULL","NULL","Zaterdag","NULL"
"Sonntag","Sunday","NULL","NULL","Zondag","NULL"
"Das Reservierungs-Datum wurde nicht korrekt angegeben!","The date is not correct!","La date de réservation nétout;était pas correct!","kuupäev pole õige!","De reserveringsdatum is niet korrect aangegeven!","NULL"
"Bitte korrigieren Sie das Datum Ihrer Anfrage!","Please fill in the correct date!","S´il vous plaît corrigez la date de réservation!","Palun parandage kuupäevad","De datum in uw aanvraag a.u.b. korrigeren!","NULL"
"Suchanfrage für:","You ask for:","Vous demandez","Otsing kellele: ","Zoekopdracht voor:","NULL"
"Erwachsene","Adults","Adultes","Täiskasvanud","Volwassene","NULL"
"Kinder","Children","Enfants","Lapsed","Kinderen","NULL"
"Zimmer","Rooms","Salles","Tuba","Kamers","NULL"
"Leider haben wir nicht mehr genug Zimmer für","Unfortunately we don't have enough rooms for ","Malheureusement, nous avons pas assez de chambre libre","Kahjuks pole meil piisavalt tube","Helaas hebben we niet meer voldoende kamers voor","NULL"
"Erwachsene im gewünschten Zeitraum frei.","adults in the desired period.","adultes au cours de la période souhaitée libre.","Täiskasvanud/ Täiskasvanutele antud ajavahemikul vaba","volwassene voor de aangegeven periode vrij.","NULL"
"Kinder im gewünschten Zeitraum frei.","children in the desired period.","enfants au cours de la période souhaitée libre.","Lapsed/ Lastele antud ajavahemikul vaba","kinderen voor de aangegeven periode vrij","NULL"
"Leider haben wir nicht mehr genug Zimmer im gewünschten Zeitraum frei.","Unfortunately we do not have any longer enough rooms in the desired period freely.","Malheureusement, nous avons plus de chambres libre au cours de la periode souhaitée.","Kahjuks pole meil soovitud ajavahemikul piisavalt vabu kohti","Voor de aangegeven periode zijn er helaas niet voldoende kamers vrij.","NULL"
"Folgende Zimmer sind im gewünschten Zeitraum noch frei:","The following rooms are still free in the desired period:","Les places suivantes sont encore libres au cours de la période souhaitée:","Soovitud ajavahemikul on vabad järgnevad toad: ","De volgende kamers zijn in de aangegeven periode nog vrij:","NULL"
"Bitte wählen Sie das gewünschte Zimmer aus und klicken Sie auf [Reservierung starten], <br> um eine Reservierungsanfrage für das gewünschte Zimmer abzusenden.","Please select the desired room and click on [start reservation], in order to mail a reservation inquiry for the desired room.","Veuillez choisir la salle désirée et cliquez [sur lénvoi de reservation], afin afin d`expédier une enquête de réservation pour la salle désirée.","Palun valige soovitud tuba ja broneerimiseks vajutage [broneeri].","Selecteer de gewenste kamer en klik op [Reservering starten], <br>om een reserveringsopdracht voor de aangegeven kamer te versturen.","NULL"
"Reservierung starten...","start reservation...","envoi de reservation..."," broneeri","Reservering starten...","NULL"
"Bitte wiederholen sie die Suche mit geänderten Anforderungen <br> oder wählen Sie aus dem Belegungsplan den gewünschten Zeitraum aus.","Please repeat the search with changed requirements or select from the plan the desired period.","Veuillez répétez la recherche avec de conditions changées.Ou vou chosiser sur la vue de Dispossibilite le plan de la periode desiree`.","Palun muutke otsingus andmed <br> või valige broneerimsplaanist soovitud ajavahemik","De zoekopdracht herhalen met de aangepaste wensen<br>of kies op het reserveringsoverzicht de gewenste periode.","NULL"
"Suche wiederholen","repeat search","répéter une recherche","korrata otsingut","Zoekopdracht herhalen","NULL"
"Anzahl der","Number of  ","Nombre des ","Arvud","Aantal","NULL"
"Anzahl Erwachsene","Number of adults ","Nombre d&acute;adultes ","täiskasvanute arv","Aantal volwassenen","NULL"
"Anzahl Kinder","Number of children ","Nombre d&acute;enfants ","laste arv","Aantal kinderen","NULL"
"Suche starten...","start search...","commencez la recherche...","alusta otsingut","Zoeken starten","NULL"
"Jahresübersicht","yearly","disponibilités sur l&acute;année","aasta ülevaade","Jaaroverzicht","NULL"
"Monatsübersicht","monthly","disponibilités sur quatre mois","kuu ülevaade","Maandoverzicht","NULL"
"Gesamtübersicht","show all","NULL","NULL","NULL","NULL"
"ein Jahr zurück","one year back","retourner un an","eelmine aasta","een jaar terug","NULL"
"ein Jahr weiter","next year","année suivante","järgmine aasta","een jaar vooruit","NULL"
"Zu dieser Zeit ist es belegt!","It is occupied at this date!","à cette période s`est occupé!","antud ajal hõivatud","voor deze datum reeds gereserveerd","NULL"
"Reservierungs-Anfrage für","Ask for","Enquête de réservation","Päring","Reserveringsaanvraag voor","NULL"
"Wir benötigen noch folgende Daten von Ihnen","We need some information about you","voire besaindes doneès priveè","Meil on vaja ka järgnevaid andmeid","Volgende gegevens hebben we nog van u nodig","NULL"
"Anrede","Form of address","Discours"," ","Aanspreekvorm","NULL"
"Familie","Family","Famille","Perekond","Familie","NULL"
"Frau","Miss","Madame","Pr","Mevr.","NULL"
"Herr","Mister","Monsieur","Hr","Dhr.","NULL"
"Firma","Company","Firme","Firma","Bedrijf","NULL"
"Vorname","First name","Prénom","Eesnimi","Voornaam","NULL"
"Nachname","Last name","Nom","Perekonnanimi","Achternaam","NULL"
"Straße/Hausnummer","Street address/house number","Rue/numéro","Postiaadress","Straat/huisnummer","NULL"
"PLZ","Post code","Code postal","Postiindeks","Postcode","NULL"
"Ort","City","Ville","Pinn","Woonplaats","NULL"
"Land","Country","État","Riik","Land","NULL"
"Anmerkungen/Fragen","Questions/annotations","commentaire/question","Märkused/küsimused","Opmerkingen/vragen","NULL"
"Anzahl Kinder unter","Number of children not older than","Nombre d&acute;enfants jusqu&acute;au","laste arv alla ","Aantal kinderen onder","NULL"
"Jahren.","years.","ans.","aasta","jaar.","NULL"
"Hinweis: Es handelt sich hierbei um eine Reservierungs-Anfrage.","Note: You can only send a reservation request.","Remarque: c&acute;est une demande de réservation.","NB! See on broneerimispäring","Let op: hier kunt u alleen een reserveringsaanvraag versturen.","NULL"
"Der Vermieter wird sich mit Ihnen in Verbindung setzen um gegebenenfalls die Reservierung zu bestätigen.","The landlord will contact you soon as possible to confirm the reservation.","Le propriétaire vous contactera pour confirmer la réservation.","Broneeringu kinnitamiseks võtab administraator Teiega ühendust.","De verhuurder zal met u zo spoedig mogelijk kontakt opnemen om de reservering te bevestigen.","NULL"
"Sie haben eine Anfrage für","You have asked for","Vous avez une demande pour","Olete teinud päringu","U heeft een aanvraag voor","NULL"
"Zimmer gestellt, jedoch nur","rooms, but you have just","les salles, mais vous avez juste ","tubadele, kuid ainult","kamers gemaakt, maar u heeft maar","NULL"
"Zimmer ausgewählt. Bitte korrigieren Sie Ihre Anfrage!","rooms selected. Please correct your selection.","les chambre est choisi.  Veuillez corriger votre choix.","valinud toad. Palun täpsustage oma päringut!","kamers geselecteerd. Kunt u de aanvraag a.u.b. korrigeren!","NULL"
"Danke für Ihre Anfrage!","Thank you for your booking request!","Merci pour votre demande!","Täname päringu eest!","Hartelijk bedankt voor uw aanvraag!","NULL"
"Der Vermieter wurde über Ihre Reservierungs-Anfrage verständigt, und wird sich mit Ihnen in Verbindung setzen.","The owner got informed of your booking request, he/she/they will contact you.","Le propriétaire était informé de votre demande, Monsieur/Madam vont vous contactez.","Päring on edastatud administraatorile, kes võtab Teiega ühendust! ","De verhuurder wordt van uw aanvraag op de hoogte gesteld en zal met u kontakt opnemen.","NULL"
"Leider haben wir nicht mehr genug ","Sorry, we don't have enough ","Malheureusement, nous n'avons plus assez ","Kahjuks pole meil piisavalt","Helaas hebben we niet meer voldoende","NULL"
"für","for","pour"," ","voor","NULL"
"im gewünschten Zeitraum frei.","in the desired period.","au cours de la période souhaitée librement.","soovitud ajavahemikul vaba","in aangegeven periode vrij.","NULL"
"Freie","Search free","Inoccupé","vaba","Beschikbare","NULL"
"im gewünschten Zeitraum","in the desired period","au cours de la période souhaitée","soovitud ajavahemikul","voor de aangegeven periode","NULL"
"Bitte wählen Sie die gewünschten","Please select the desired","Veuillez choisir les souhaités","palun valige ajavahemik","Kies a.u.b. de gewenste","NULL"
"aus"," "," "," ","uit","NULL"
"Bitte wählen Sie das gewünschte","Please select the desired","Veuillez choisir les souhaités","palun valige soovitud","Kies a.u.b. de gewenste","NULL"
"suchen"," ","rechercher","Otsi","zoeken","NULL"
"Bitte beachten Sie, dass die Reservierung nur mit Bestätigung des Vermieters gültig ist.","Please note that the reservation is only valid with a confirmation.","Veuillez considérer que la réservation n'est valable qu'avec la confirmation du propriétaire.","NB! Broneering ei kehti ilma hotelli kinnituseta! ","Let op: uw reservering is pas definietief nadat u een bevestiging van de verhuurder ontvangen heeft.","NULL"
"Ansicht für","overview for","Disponibilite´pour","Vaade","Overzicht voor","NULL"
"Bitte geben Sie den Vornamen ein!","Please fill in the first name!","Veullez ajouter votre presnom s´il vous plait","Palun sisestage oma eesnimi!","Voornaam a.u.b. invullen!","NULL"
"Bitte geben Sie den Nachnamen ein!","Please fill in the surname!","Ecrivez votre nom s´il vous plait"," Palun sisestage oma perekonnanimi!","Achternaam a.u.b. invullen!","NULL"
"Bitte geben Sie die Straße und Hausnummer ein!","Please fill in the street address","Veuillez ajoutez la rue et le numero de la maison s´il vousplait","palun sisestage oma tänava nimi ja maja number!","Straat en huisnummer a.u.b. invullen!","NULL"
"Bitte geben Sie den Wohnort ein!","Please fill in your city!","Veuillez ajoutez votre domicile s´il vousplait","Palun sisestage oma elukoht ","Woonplaats a.u.b. invullen!","NULL"
"Bitte geben Sie ihre Postleitzahl ein!","Please fill in your post code!","Veuillez ajoutez votre poste postal s´il vousplait"," Palun sisestage oma postiindeks","Postcode a.u.b. invullen!","NULL"
"Bitte geben Sie ihre E-Mail-Adresse ein!","Please fill in your eMail address!","Veuillez ajoutez votre e-mail adress s´il vousplait","Palun sisestage oma e-maili aadress","E-Mailadres a.u.b. invullen!","NULL"
"Sie können diese Anfrage im Webinterface des Reservierungssystems bestätigen oder ablehnen","You can confirm or delete the booking request in the webinterface","Vous pouvez confirmez ou vous pouvez annuler votre demande de request en ligne","Saate kinnitada või kustutada päringu veebi-interfacesis","U kunt deze reserveringsaanvraag in de webinterface van het reserveringssystem bevestigen of afwijzen","NULL"
"Buchungsanfrage aus dem Rezervi Buchungssystem","Booking request from the Rezervi booking system","Demande de request du reserve system","Broneerimispäring Rezervi broneerimissüsteemist","Reserveringsaanvraag vanuit het Rezervi Reserveringssysteem","NULL"
"Anfragetext","text of the request","Texte d'enquête, ","NULL","Aanvraag tekst","NULL"
"Die Anfrage wurde in englischer Sprache gestellt","The booking request was done in English","Votre demande etout fait en anglais","See päring tehti inglise keeles","De aanvraag is in het engels gemaakt","NULL"
"Die Anfrage wurde in französischer Sprache gestellt","The booking request was done in French","Votre demande etout fait en francais"," See päring tehti prantsuse keeles ","De aanvraag is in het frans gemaakt","NULL"
"Die Anfrage wurde in italienischer Sprache gestellt","The booking request was done in Italian","Votre demande etout fait en Italy"," See päring tehti itaalia keeles ","De aanvraag is in het italiaans gemaakt","NULL"
"Die Anfrage wurde in spanischer Sprache gestellt","The booking request was done in Spanish","Votre demande etout fait en Espanol"," See päring tehti hispaania keeles ","De aanvraag is in het spaans gemaakt","NULL"
"Die Anfrage wurde in estnischer Sprache gestellt","The booking request was done in Estonian","Votre demande etout fait en Estonian"," See päring tehti eesti keeles ","De aanvraag is in het estoniaans gemaakt","NULL"
"Die Anfrage wurde in deutscher Sprache gestellt","The booking request was done in German","Votre demande etout fait en Allemanque"," See päring tehti saksa keeles ","De aanvraag is in het duits gemaakt","NULL"
"Buchungsanfrage von","Booking request from","Request de demande de","Broneerimispäring kellelt","Reserveringsaanvraag van","NULL"
"Adresse","address","Adresse","Aadress","Adres","NULL"
"Informationen über den Gast","Information about your guest","NULL","NULL","Informatie over uw gast","NULL"
"Anmerkungen","Remarks","NULL","NULL","Opmerkingen","NULL"
"Bitte Browser schließen und neu anmelden - Passwortprüfung fehlgeschlagen!","Please close your browser and try to login again - the password is not correct!","NULL","NULL","Browser afsluiten en opnieuw aanmelden - het paswoord is niet korrect!","NULL"
"Reservierungsanfrage bestätigen","confirm booking request","NULL","NULL","Reserveringsaanvraag bevestigen","NULL"
"wurde erfolgreich als","is successful registered as","NULL","NULL","is met succes","NULL"
"in den Reservierungsplan aufgenommen","in the availability overview","NULL","NULL","in het reserveringsoverzicht opgenomen","NULL"
"Die folgende Mitteilung wird per E-Mail an Ihren Gast gesendet. Sie haben hier die Möglichkeiten noch Korrekturen vorzunehmen","The following mail will be send to your guest. If you like you can do some changes","NULL","NULL","De volgende tekst zal per e-mail uw gast toegestuurd worden. Indien nodig kunt u hier nog wijzigingen aanbrengen.","NULL"
"Betreff","Subject","NULL","NULL","Onderwerp","NULL"
"Text","Text","NULL","NULL","Tekst","NULL"
"Reservierungsanfragen von Gästen löschen","Delete booking requests","NULL","NULL","Reserveringsaanvragen van gasten wissen","NULL"
"Der Gast wurde aus der Datenbank entfernt","The guest was removed from the database.","NULL","NULL","De gast is in de datenbank gewist","NULL"
"Der Gast kann nicht entfernt werden, es sind weitere Belegungen/Reservierungen für diesen Gast eingetragen","You can't delete this guest, because there are reservations for this guest in the database","NULL","NULL","De gast kan niet gewist worden, daar nog enkele boekingen/reserveringen voor deze gast opgenomen zijn","NULL"
"Die Reservierungsanfrage","The booking request","NULL","NULL","De reserveringsaanvraag","NULL"
"wurde erfolgreich entfernt","is deleted successful","NULL","NULL","is met succes afgezegt","NULL"
"Hauptmenü","main menu","NULL","NULL","Hoofdmenu","NULL"
"Der Gast wurde per E-Mail verständigt","The guest is informed successful","NULL","NULL","De gast is per e-mail op de hoogte gebracht","NULL"
"Anfrage wirklich löschen?","Do you really want to delete the booking request?","NULL","NULL","De aanvraag daadwerkelijk afwijzen?","NULL"
"Reservierungsanfragen von Gästen bestätigen/löschen","Confirm or delete booking requests","NULL","NULL","Reserveringsaanvragen van gasten bewerken","NULL"
"Hier sehen Sie die Liste mit noch nicht bestätigten bzw. gelöschten Reservierungsanfragen.","This is a list of unworked booking requests.","NULL","NULL","Overzicht van nog te bevestigen en/of af te wijzen reserveringsaanvragen.","NULL"
"Falls Sie eine Reservierungsanfrage bestätigen wird diese als belegt im Reservierungsplan eingetragen, der Gast wird darüber nur informiert wenn die automatischen E-Mails aktiviert wurden.","If you confirm a booking request it will be saved in the database. If you have activated the automatical eMail answers, the guest will be informed about this.","NULL","NULL","Indien u een reserveringsaanvraag bevestigd, wordt deze als gereserveerd in het reserveringsoverzicht opgenomen. De gast zal alleen geinformeerd worden, wanneer automatische e-mails geactiveerd is.","NULL"
"Bei Löschung einer Reservierungsanfrage bleiben die Informationen des Gastes in der Datenbank erhalten, wollen Sie auch den Gast löschen, bestätigen Sie dies bitte mit dem entsprechenden Feld.","If you delete the booking request the information about the guest will be remained in the database. If you want to delete the guest you have to check the correct field for this.","NULL","NULL","Wanneer een reserveringsaanvraag gewist wordt, blijven de gegevens van de gast in de datenbank voorhanden. Wanneer ook de gast verwijderd moet worden, dient u het daarvoor bestemde veld te markeren.","NULL"
"Ein Gast kann nur gelöscht werden, falls es keine anderen Reservierungen für diesen Gast gibt.","You can delete a guest if there are no other reservations in the database","NULL","NULL","Een gast kan alleen gewist worden, wanneer er voor deze gast geen reseveringen meer voorhanden zijn.","NULL"
"Falls ein Gast in einer Buchung mehrere Zimmer reserviert hat, ist für jedes Zimmer einzeln die Anfrage zu bearbeiten.","If a guest have sent a request for more than one room you have to check the booking requests for every room","NULL","NULL","Wanneer een gast in één aanvraag meerdere kamers gereserveerd heeft, dient u voor iedere kamer de aanvraag apart te verwerken.","NULL"
"Anfrage von","booking request from","NULL","NULL","Aanvraag van","NULL"
"Zeitraum","period","NULL","NULL","periode","NULL"
"Personen","persons","NULL","NULL","personen","NULL"
"Gast aus Datenbank löschen","Delete guest from database","NULL","NULL","Gast uit de datenbank verwijderen","NULL"
"automatische Absage senden","send an automatical cancellation eMail","NULL","NULL","automatische afwijzing versturen","NULL"
"automatische Bestätigung senden","send an automatical confirmation eMail","NULL","NULL","automatische bevestiging versturen","NULL"
"Es sind keine offenen Reservierungsanfragen vorhanden","There are no unworked booking requests","NULL","NULL","Er zijn geen openstaande aanvragen meer aanwezig","NULL"
"Automatische Antworten bearbeiten, E-Mails an Ihre Gäste senden","Change the automatical answers, send eMails to your guests","NULL","NULL","Automatisch antwoorden bewerken, e-mails aan uw gasten sturen","NULL"
"Ändern Sie hier die automatischen E-Mail Antworten an Ihre Gäste oder benutzen Sie das Mail-Formular zum senden von E-Mails an Ihre Gäste.","Here you can change the texts of your automatical eMails or send eMails to your guest with a mail form.","NULL","NULL","Hier kunt u de tekst voor automatische e-mails aanpassen of kunt u e-mails m.b.v. het mail formulier aan uw gasten versturen.","NULL"
"Bitte achten Sie darauf, dass die automatischen E-Mail Antworten nur ausgeführt werden wenn Sie aktiviert wurden.","Please note that automatical eMails will not be send if it isn't activated","NULL","NULL","Let op: automatische e-mails worden alleen verstuurd wanneer u dat geactiveerd heeft.","NULL"
"Eine nicht-aktivierte E-Mail Antwort wird nicht an Ihren Gast gesendet - Sie müssen die Anfragen händisch beantworten!","If you do not activate the automatical eMails, you have to send your own eMails to your guests!","NULL","NULL","Wanneer automatische e-mails niet geactiveerd is, dient u de aanvragen handmatig te beantwoorden.","NULL"
"Buchungsbestätigung","booking confirmation","NULL","NULL","Reserveringsbevestiging","NULL"
"Ändern der E-Mail-Buchungsbestätigung die ein Gast erhält wenn Sie die Reservierung akzeptieren","Change the eMail notification for the guest if you give the confirmation of the booking request","NULL","NULL","De e-mail tekst aanpassen van een reserveringsbevestiging, welke verstuurd wordt wanneer u de reservering accepteerd","NULL"
"Ändern des Absagetextes einer Anfrage die ein Gast erhält wenn Sie die Reservierung ablehnen","Change the eMail notification for the guest if you cancel the booking request","NULL","NULL","De e-mail tekst aanpassen van een reserveringsbevestiging, welke verstuurd wordt wanneer u de reservering afwijst","NULL"
"Ändern des Bestätigungstextes einer Buchungsanfrage die ein Gast erhält wenn er eine Buchungsanfrage im Belegungsplan vornimmt","Change the eMail notification if the guest sends you a booking request","NULL","NULL","De e-mail tekst aanpassen wanneer de gast een reserveringsaanvraag verstuurd heeft","NULL"
"Buchungs-Absage","cancel a booking request","NULL","NULL","Rezerveringsafwijzing","NULL"
"Buchungs-Anfrage","sending a booking request","NULL","NULL","Reserveringsaanvraag","NULL"
"E-Mails senden","send eMails","NULL","NULL","E-mails versturen","NULL"
"E-Mails an ihre Gäste senden","Send eMails to your guests","NULL","NULL","E-mails aan uw gasten versturen","NULL"
"Ihre automatische E-Mail-Antwort wurde erfolgreich verändert.","Your eMail notification is changed successful","NULL","NULL","Uw automatisch e-mailantwoord is met success aangepast.","NULL"
"E-Mail an:","eMail to:","NULL","NULL","E-mail aan:","NULL"
"erfolgreich gesendet","successful","NULL","NULL","met success verzonden","NULL"
"Die E-Mails wurden versendet","The eMails are sended successful","NULL","NULL","De e-mails zijn verstuurd","NULL"
"Ändern der Buchungsbestätigung","Change the booking confirmation","NULL","NULL","Reserveringsbevestiging aanpassen","NULL"
"Ändern des Absagetextes einer Anfrage","Change the text of an cancelation of a booking request","NULL","NULL","Afwijzingstekst van een aanvraag aanpassen","NULL"
"Ändern des Bestätigungstextes einer Buchungsanfrage","Change the confirmation text of a booking request","NULL","NULL","Bevestigingstekst van een aanvraag aanpassen","NULL"
"Senden von E-Mails an Ihre Gäste","Send eMails to your guests","NULL","NULL","E-mails aan uw gasten versturen","NULL"
"Texte in Deutsch","Text in German","NULL","NULL","Tekst in het duits","NULL"
"Nach ihrer Anrede wird der Name des Gastes automatisch eingesetzt","After your form of address, the name of your guest will follow automatically","NULL","NULL","Na uw aanspreekvorm wordt de naam van uw gast automatisch ingevuld","NULL"
"Unterschrift","Your signature","NULL","NULL","Handtekening","NULL"
"Texte in Englisch","Texts in English","NULL","NULL","Tekst in het engels","NULL"
"Texte in Französisch","Texts in French","NULL","NULL","Tekst in het frans","NULL"
"Automatische Antwort aktiviert","Activate automatical eMail notification","NULL","NULL","Automatisch antwoorden activeren","NULL"
"ja","yes","NULL","NULL","ja","NULL"
"nein","no","NULL","NULL","nee","NULL"
"Falls sie bei dieser Option nein gewählt haben, werden keine automatischen Antworten an Ihre Gäste gesendet.","If you select 'no', no eMails will send to your guests.","NULL","NULL","Indien u bij deze optie 'nee' gekozen heeft, zullen er geen automatische antwoorden aan uw gasten verstuurd worden.","NULL"
"Sie müssen sich in diesem Falle selbst mit Ihren Gästen in Verbindung setzen.","You have to send your own eMail notifications to your guests.","NULL","NULL","U dient dan zelf contact op te nemen met uw gasten.","NULL"
"Texte ändern","change texts","NULL","NULL","Tekst aanpassen","NULL"
"Bitte wählen Sie die Gäste aus, an denen das E-Mail gesendet werden soll.","Please select the guests, which you want send eMails","NULL","NULL","Selekteer a.u.b. de gasten aan welke u een e-mail wilt versturen.","NULL"
"Wenn Sie mehrere auswählen wollen müssen Sie die [Strg] Taste gedrückt halten.","If you want to select more than one, you have to press the [Strg] key und select the guest with a mouse-click","NULL","NULL","Wanneer u meerdere gasten wilt selecteren dient u de [Ctrl] toets ingedrukt te houden en met de muis de gasten selecteren.","NULL"
"Benutzer bearbeiten","Change users","NULL","NULL","Gebruikers bewerken","NULL"
"Die mit [*] gekennzeichneten Felder müssen ausgefüllt werden!","The fields marked with [*] must filled in!","NULL","NULL","De met [*] gemarkeerde velden moeten ingevuld worden!","NULL"
"Bitte füllen Sie die untenstehenden Felder aus.","Please fill in the fields below.","NULL","NULL","Onderstaande velden a.u.b. invullen.","NULL"
"Benutzername","Username","NULL","NULL","Gebruikersnaam","NULL"
"Passwort","Password","NULL","NULL","Wachtwoord","NULL"
"Passwort wiederholen","Repeat password","NULL","NULL","Wachtwoord herhalen","NULL"
"Benutzerrechte","User rights","NULL","NULL","Gebruikersrechten","NULL"
"Benutzer","user","NULL","NULL","Gebruiker","NULL"
"Administrator","administrator","NULL","NULL","Administrator","NULL"
"Die Änderung wurde erfolgreich durchgeführt","The changings are successful","NULL","NULL","De wijzigingen zijn met succes opgeslagen","NULL"
"Bitte geben Sie den Benutzernamen ein!","Please fill in the user name!","NULL","NULL","Gebruikersnaam a.u.b. invullen!","NULL"
"Die beiden Passwörter stimmen nicht überein!","The two passwords are not identical!","NULL","NULL","De beide wachtwoordvelden zijn niet gelijk ingevuld!","NULL"
"Einen neuen Benutzer anlegen","Add a new user","NULL","NULL","Een nieuwe gebruiker aanmaken","NULL"
"Der Benutzer wurde hinzugefügt.","The user is added successful.","NULL","NULL","De gebruiker is met succes toegevoegd.","NULL"
"Löschung bestätigen","Confirm the removement","NULL","NULL","Wissen bevestigen","NULL"
"Der Benutzer wurde aus der Datenbank gelöscht!","The user is removed successful from the database!","NULL","NULL","De gebruiker is uit de datenbank gewist!","NULL"
"Folgende Benutzer werden aus der Datenbank entfernt","You are going to delete the following users from the database","NULL","NULL","Navolgende gebruikers zullen in de datenbank gewist worden","NULL"
"Nur die hier selektierten Benutzer werden gelöscht.","Only the selected users will be removed.","NULL","NULL","Alleen de hier geselecteerde gebruikers zullen gewist worden.","NULL"
"Entfernen Sie die Markierungen (mit [STRG] und Mausklick) wenn Benutzer nicht gelöscht werden sollen!","Remove the remarks of the user (with [Strg] and mouse klick) of that users that not should deleted.","NULL","NULL","Markeringen verwijderen ([Ctrl] toets samen met een muisklik gebruiken), wanneer een gebruiker toch niet gewist moet worden.","NULL"
"löschen","delete","NULL","NULL","wissen","NULL"
"Bitte wählen Sie den zu verändernden Benutzer aus","Please select the user that you will change","NULL","NULL","Selekteer de gebruiker welke u wilt aanpassen","NULL"
"Benutzer ändern","change user","NULL","NULL","Gebruiker bewerken","NULL"
"Benutzer löschen","delete user","NULL","NULL","Gebruiker wissen","NULL"
"Bitte wählen Sie den zu löschenden Benutzer aus","Please coose the users that you will delete","NULL","NULL","Selekteer de gebruiker welke u wilt wissen","NULL"
"Sie können mehrere Benutzer zugleich auswählen und löschen indem Sie die [STRG]-Taste gedrückt halten und auf die Benutzernamen klicken","You could delete more than one user if you press the [Strg] Key and klicking on the mouse button","NULL","NULL","U kunt meerdere gebruikers selecteren indien u de [Ctrl] toets ingedrukt houdt en met de muis op de gebruikersnamen klikt","NULL"
"Benutzer anlegen","add user","NULL","NULL","Gebruiker toevoegen","NULL"
"Klicken Sie auf den Button [Benutzer anlegen] um einen neuen Benutzer hinzuzufügen","Klick on the button 'add user' to add a new user for the webinterface","NULL","NULL","Klik op de knop [Gebruiker toevoegen] om een nieuwe gebruiker toetevoegen","NULL"
"Farb-Code","colour-code","NULL","NULL","Kleurcode","NULL"
"Farbe","colour","NULL","NULL","Kleur","NULL"
"Fenster schließen","close window","NULL","NULL","Venster sluiten","NULL"
"Alle Änderungen verwerfen und auf Standardwerte zurücksetzen?","Do you want to remove all changes and set the default values?","NULL","NULL","Alle aanpassingen verwijderen en naar de standaardwaardes terugzetten?","NULL"
"Hintergrund","background","NULL","NULL","Achtergrond","NULL"
"Schrift","font","NULL","NULL","Lettertype","NULL"
"Überschrift","heading","NULL","NULL","Titel","NULL"
"markierte Schrift","marked font","NULL","NULL","Lettertype voor markeringen","NULL"
"Button","button","NULL","NULL","Knop","NULL"
"Button rollover","rollover button","NULL","NULL","Knop rollover","NULL"
"Tabelle","table","NULL","NULL","Tabel","NULL"
"färbige Tabelle","table with colour","NULL","NULL","Kleurtabellen","NULL"
"Standardwerte setzen","set default values","NULL","NULL","Standaardwaardes terugzetten","NULL"
"Farbtabelle anzeigen","show colour table","NULL","NULL","Kleurentabel tonen","NULL"
"Ändern der Hintergrundfarbe","Change the background colour","NULL","NULL","Achtergrondkleur aanpassen","NULL"
"Ändern der Standard-Schrift (Farbe, Art, Größe, ...)","Change the default font (colour, size, ...)","NULL","NULL","Standaardlettertype aanpassen (kleur, grootte, ...)","NULL"
"Ändern der Überschriften (Farbe, Art, Größe, ...)","Change the headings (colour, size, ...)","NULL","NULL","Titels aanpassen (kleur, grootte, ...)","NULL"
"Ändern der markierten Schrift","Change the marked font","NULL","NULL","Lettertype voor markeringen aanpassen","NULL"
"Ändern des Buttons","Change the buttons","NULL","NULL","Knoppen aanpassen","NULL"
"Ändern des Buttons der angezeigt wird, wenn die Maus darüber bewegt wird","Change the buttons that will be shown if the cursor is on the button","NULL","NULL","Knoppen aanpassen wanneer met de muis over de knop heen bewogen wordt","NULL"
"Ändern der Tabelle (Hintergrundfarbe, Schriftfarbe, Rahmen, etc.)","Change the tables (background colour, border, ...)","NULL","NULL","Tabel aanpassen (achtergrondkleur, tekstkleur, randen, enz.)","NULL"
"Ändern der färbigen Tabellen","Change the coloured tables","NULL","NULL","Kleurtabellen aanpassen","NULL"
"Ändern der Farbe der belegt-Anzeige","Change the colour of the occupied marks","NULL","NULL","Kleur aanpassen voor gereserveerde markeringen","NULL"
"Ändern der Farbe der frei-Anzeige","Change the colour of the available marks","NULL","NULL","Kleur aanpassen voor vrij-markeringen","NULL"
"Ändern der Farbe der reserved-Anzeige","Change the colour of the reserved marks"
"Alle Änderungen werden auf die Rezervi-Standard-Werte zurückgesetzt.","All changes will be removed and the Rezervi default values will be set.","NULL","NULL","Alle aanpassing worden gewist en teruggezet naar de standaard Rezervi waardes.","NULL"
"Zeigt eine Tabelle mit Farbcodes an, die im Design verwendet werden können.","Shows a table with colour codes that you can use in the design.","NULL","NULL","Toont een tabel met kleurcodes, welke in het design gebruikt kunnen worden.","NULL"
"Design auf Standardwerte zurücksetzen","Set the default values of the design","NULL","NULL","Design naar de standaardwaardes terugzetten","NULL"
"Das Design wurde erfolgreich geändert","The design is changed successful","NULL","NULL","Het design is met success aangepast","NULL"
"Design bearbeiten","change the design","NULL","NULL","Design bewerken","NULL"
"Das Design des ausgewählen Elementes wurde erfolgreich geändert","The design of the selected element is changed successful","NULL","NULL","Het design van de geselecteerde elementen is met success bewerkt","NULL"
"Design für","Change design for","NULL","NULL","Design voor","NULL"
"bearbeiten"," ","NULL","NULL","bewerken","NULL"
"vorheriger Wert","value before","NULL","NULL","vorige waarde","NULL"
"Schriftart","Font","NULL","NULL","Lettertype","NULL"
"Schriftgrösse","Size of the font","NULL","NULL","Lettergrootte","NULL"
"Schriftstil","Style of the font","NULL","NULL","Tekst stijl","NULL"
"Schriftstärke","Thickness of the font","NULL","NULL","Dikte van de tekst","NULL"
"Schriftfarbe","Colour of the font","NULL","NULL","Tekst kleur","NULL"
"Textausrichtung","Alignment","NULL","NULL","Uitlijning","NULL"
"Rahmenstärke","Thickness of the border","NULL","NULL","Dikte van de randen","NULL"
"Rahmenfarbe","Colour of the border","NULL","NULL","Kleur van de randen","NULL"
"Hintergrundfarbe","Colour of the background","NULL","NULL","Achtergrondkleur","NULL"
"Höhe","Height","NULL","NULL","Hoogte","NULL"
"Breite","Width","NULL","NULL","Breedte","NULL"
"Design ändern","change design","NULL","NULL","Design aanpassen","NULL"
"Die Daten des Gastes wurden erfolgreich geändert","The guest is changed successful","NULL","NULL","De gegevens van de gast zijn met succes aangepast","NULL"
"Gast bearbeiten","change guest","NULL","NULL","Gast bewerken","NULL"
"Bitte überschreiben bzw. ergänzen Sie die Felder des Gastes den Sie ändern möchten","Please change the fields of the guest","NULL","NULL","De velden van de gast aanpassen/overschrijven","NULL"
"bevorzugte Sprache","Preferred language","NULL","NULL","Voorkeurs taal","NULL"
"Deutsch","German","NULL","NULL","Duits","NULL"
"Englisch","English","NULL","NULL","Engels","NULL"
"Französisch","French","NULL","NULL","Frans","NULL"
"Italienisch","Italian","NULL","NULL","Italiaans","NULL"
"Spanisch","Spanish","NULL","NULL","Spaans","NULL"
"Es liegen folgende Reservierungen für den Gast vor (aufsteigend sortiert)","Here are the reservations of your guest (the last at the top)","NULL","NULL","De gast heeft navolgende reserveringen (oplopend gesorteerd)","NULL"
"Reservierung von","Reservation from","NULL","NULL","Reservering van","NULL"
"Der Gast kann nicht gelöscht werden, da Reservierungen oder offene Reservierungsanfragen für diesen Gast eingetragen sind","You can not delete the guest because there are unworked reservations for this guest","NULL","NULL","De gast kan niet gewist worden, omdat er nog reserveringen of openstaande reserveringsaanvragen voor deze gast opgenomen zijn","NULL"
"Reservierungs-Informationen","reservation information","NULL","NULL","Reserverings informatie","NULL"
"Der Gast wurde erfolgreich aus der Gästeliste entfernt","The guest is removed successful from the guest list","NULL","NULL","De gast is met succes uit de gastenlijst verwijderd","NULL"
"Gast wirklich löschen?","Do you really want to delete the guest?","NULL","NULL","Wilt u de gast werkelijk wissen?","NULL"
"Gästeliste anzeigen und bearbeiten","Show and change the guest list","NULL","NULL","Gastenlijst tonen en bewerken","NULL"
"exportieren","export","NULL","NULL","exporteren","NULL"
"Der Gast wurde neu angelegt und erfolgreich in der Datenbank gespeichert","The guest is stored in the database successful","NULL","NULL","De gast is aangelegd en met succes in de datenbank opgenomen","NULL"
"Ein Gast mit denselben Daten existiert bereits, die Daten wurden ergänzt bzw. korregiert","A guest with the same data are already exists, this guest was changed","NULL","NULL","Er bestaat al een gast met dezelfde gegevens, de gegevens zijn geactualiseerd","NULL"
"einen weiteren Gast anlegen","add another guest","NULL","NULL","een andere gast toevoegen","NULL"
"Anlegen eines neuen Gastes","Add a new guest","NULL","NULL","Een nieuwe gast toevoegen","NULL"
"Gast anlegen","add guest","NULL","NULL","gast toevoegen","NULL"
"Bitte wählen Sie aus, welche Daten der Gäste angezeigt werden sollen","Please select the data that will be shown","NULL","NULL","Selecteer de gegevens welke bij de gast getoont worden","NULL"
"Gästeliste anzeigen","show guest list","NULL","NULL","Gastenlijst tonen","NULL"
"neuen Gast anlegen","add new guest","NULL","NULL","Een nieuwe gast toevoegen","NULL"
"Gäste-Information","guest informations","NULL","NULL","Informatie over de gast","NULL"
"Das Reservierungs-Datum wurde nicht korrekt angegeben","The reservation date is not correct","NULL","NULL","De reserveringsdatum is niet korrect aangegeven!","NULL"
"Bitte korrigieren Sie das Datum","Please correct the date","NULL","NULL","Datum a.u.b. aanpassen","NULL"
"Zu diesem Datum existiert bereits eine Reservierung oder die Reservierungen überschneiden sich","For this date a reservation already exist or the reservations overlap each other","NULL","NULL","Voor de aangegeven datum bestaat inmiddels al een reservering of de reserveringen overlappen zich","NULL"
"Bitte korrigieren Sie das Datum oder löschen Sie die bereits vorhandene Reservierung","Please correct the date or delete the overlapping reservation","NULL","NULL","Datum a.u.b. aanpassen, of de overlappende reservering wissen","NULL"
"Reservierungs-Änderung für","Changing reservation for","NULL","NULL","Reserverings wijziging voor","NULL"
"Status","state","NULL","NULL","status","NULL"
"reserviert","reserved","NULL","NULL","gereserveerd","NULL"
"Bitte geben Sie hier den Gast ein, oder wählen Sie einen bereits vorhanden Gast aus der Liste aus","Please enter the data of your guest or select an already existing guest from the list","NULL","NULL","A.u.b. de gegevens van de gast invullen, of selecteer een bestaande gast uit de lijst","NULL"
"Gast auswählen","select guest","NULL","NULL","gast selecteren","NULL"
"neuer Gast","new guest","NULL","NULL","nieuwe gast","NULL"
"neuer Gast/Gast ändern","new guest/change guest","NULL","NULL","nieuwe gast / gast aanpassen","NULL"
"Bitte geben Sie hier die Anzahl der Gäste für die Reservierung/Belegung ein","Please fill in the number of guests for the reservation","NULL","NULL","Vul hier het aantal gasten voor de reservering in","NULL"
"Jahren","years","NULL","NULL","jaar","NULL"
"Folgende Reservierungen werden gelöscht","The following reservations will be removed","NULL","NULL","Navolgende reserveringen zullen gewist worden","NULL"
"abbrechen","cancel","NULL","NULL","annuleren","NULL"
"Die Reservierung/Belegung wurde erfolgreich geändert","The reservation is changed successful","NULL","NULL","De reservering is met succes aangepast","NULL"
"eingetragenes Datum","date","NULL","NULL","opgegeven datum","NULL"
"Gast","guest","NULL","NULL","gast","NULL"
"Die Reservierungen/Belegungen im geforderten Zeitraum wurden erfolgreich entfernt","The reservations in the selected period is removed successful","NULL","NULL","De reserveringen voor de aangegeven periode zijn met succes verwijderd","NULL"
"Ansicht wählen","Select overview","NULL","NULL","Selecteer overzicht","NULL"
"Reservierung ändern","change reservation","NULL","NULL","reservering aanpassen","NULL"
"Gäste-Info","guest information","NULL","NULL","Informatie over de gast","NULL"
"Name der Unterkunft in Deutsch","Name of the accommodation in German","NULL","NULL","Naam van het verblijf in het Duits","NULL"
"Name der Unterkunft in Englisch","Name of the accommodation in English","NULL","NULL","Naam van het verblijf in het Engels","NULL"
"Name der Unterkunft in Französisch","Name of the accommodation in French","NULL","NULL","Naam van het verblijf in het Frans","NULL"
"Land auf Deutsch","State in German","NULL","NULL","Land in het Duits","NULL"
"Land auf Englisch","State in English","NULL","NULL","Land in het Engels","NULL"
"Land auf Italienisch","State in Italian","NULL","NULL","Land in het Italiaans","NULL"
"Land auf Französisch","State in French","NULL","NULL","Land in het Frans","NULL"
"Bis zu welchem Alter erhalten Kinder in Ihrer Unterkunft eine Ermäßigung","Up to which age children will get a reduced rate","NULL","NULL","Tot welke leeftijd geldt er voor kinderen een aangepast tarief","NULL"
"Unterkunft ändern","change accommodation","NULL","NULL","verblijf aanpassen","NULL"
"Die Daten zu Ihrer Unterkunft wurden geändert.","Your accommodation is changed successful.","NULL","NULL","De gegevens m.b.t. verblijf zijn met succes aangepast.","NULL"
"Zimmer/Appartement/Wohnung/etc. bearbeiten","Change rooms","NULL","NULL","Kamer/appartement bewerken","NULL"
"Bitte wählen Sie das zu verändernde Zimmer/Appartement/Wohnung/etc. aus","Please select the room to change","NULL","NULL","Selecteer kamer/appartement welke aangepast moet worden","NULL"
"Zimmer ändern","change room","NULL","NULL","kamer aanpassen","NULL"
"Zimmer/Appartement/Wohnung/etc. löschen","Delete rooms","NULL","NULL","Kamer/appartement wissen","NULL"
"Bitte wählen Sie die zu löschenden Zimmer/Appartement/Wohnung/etc. aus","Please select the rooms you want to remove","NULL","NULL","Selecteer de kamers/appartementen welke u wilt wissen","NULL"
"Sie können mehrere Zimmer/Appartements/Wohnungen/etc. zugleich auswählen und löschen indem Sie die [STRG]-Taste gedrückt halten und auf die Bezeichnung klicken","You can delete more than one room by holding the [Strg] key down and klick on the room","NULL","NULL","Meerdere kamers/appartementen kunnen tegelijk gewist worden, wanneer u de [ctrl]-toets ingedrukt houden en de kamers/appartementen selecteerd","NULL"
"Zimmer löschen","delete room","NULL","NULL","kamer wissen","NULL"
"Zimmer/Appartement/Wohnung/etc. anlegen","add room","NULL","NULL","Kamer/appartement toevoegen","NULL"
"Zimmernummer (z. B. Typ A, Nr. 10, Balkonzimmer, etc.)","Number of the room (e.g. 'A', '10' or 'room with balkony')","NULL","NULL","Kamernummer (b.v. Type A, Nr. 10, kamer met balkon, enz.)","NULL"
"Wird dieses Feld leer gelassen, wird die Standard-Sprache verwendet.","If you leave this field empty the default language will be used.","NULL","NULL","Wanneer dit veld niet ingevuld wordt, zal de standaard taal gebruikt worden","NULL"
"Zimmernummer in englisch (z. B. Typ A, Nr. 10, Balkonzimmer, etc.)","Room number in English (e.g. 'A', '10' or 'room with balkony')","NULL","NULL","Kamernummer in het Engels (b.v. Type A, Nr. 10, kamer met balkon, enz.)","NULL"
"Zimmernummer in französisch (z. B. Typ A, Nr. 10, Balkonzimmer, etc.)","Room number in French (e.g. 'A', '10' or 'room with balkony')","NULL","NULL","Kamernummer in het Frans (b.v. Type A, Nr. 10, kamer met balkon, enz.)","NULL"
"Anzahl der Betten für Erwachsene","Number of beds for adults","NULL","NULL","Aantal bedden voor volwasene","NULL"
"Anzahl der Betten für Kinder","Number of beds for children","NULL","NULL","Aantal bedden voor kinderen","NULL"
"Beschreibung in deutsch","Description in German","NULL","NULL","Beschrijving in het Duits","NULL"
"Preis","Price","NULL","NULL","Prijs","NULL"
"Die Änderung konnte nicht erfolgreich durchgeführt werden, versuchen sie es bitte nochmals","The changings are not successful, please try again","NULL","NULL","Wijzigingen uitgevoeren mislukt, probeer het a.u.b. opnieuw","NULL"
"Zimmer eintragen","add room","NULL","NULL","kamer toevoegen","NULL"
"Ein neues Zimmer/Appartement/Wohnung/etc. anlegen","Add a new room","NULL","NULL","Een nieuwe kamer/appartement toevoegen","NULL"
"Bitte geben Sie die Zimmernummer in deutsch ein!","Please fill in the room number in German","NULL","NULL","Kamernummer in het Duits aangeven!","NULL"
"Bitte geben Sie die Zimmerart in deutsch ein!","Please fill in the type of the room in German!","NULL","NULL","Kamertype in het Duits aangeven","NULL"
"Zimmereintragung ist gescheitert, bitte versuchen sie es erneut","Adding of the room was not successful, please try it again","NULL","NULL","Toevoegen van een kamer mislukt, probeer het a.u.b. opnieuw","NULL"
"Zimmer/Appartement/etc. erfolgreich eingetragen","The room is added successful","NULL","NULL","Kamer/appartement met succes toegevoegd","NULL"
"ein weiteres anlegen","add another one","NULL","NULL","een volgende toevoegen","NULL"
"Der/die/das Zimmer/Appartement/Wohnung/etc. wurde samt seinen Reservierungen aus der Datenbank gelöscht","The rooms and the reservations are deleted successful","NULL","NULL","De kamer / het appartement is inclusief reserveringen in de datenbank gewist","NULL"
"Löschung durchführen","do removement","NULL","NULL","wissen uitvoern","NULL"
"Folgende Zimmer/Appartements/Wohnungen/etc. werden aus der Datenbank entfernt","The following rooms will be removed from the database","NULL","NULL","Navolgende kamers/appartementen zullen in de datenbank gewist worden","NULL"
"Bitte beachten Sie, dass damit auch alle Reservierungen die diese(s) Zimmer/Appartement/Wohnung/etc. betreffen ebenfalls entfernt werden","All reservations for the rooms will also be removed","NULL","NULL","Let op: alle reserveringen m.b.t. tot deze kamer/appartement zullen ook gewist worden","NULL"
"Nur die hier selektierten Zimmer/Appartements/Wohnungen/etc. werden gelöscht.","Only the selected rooms will be removed.","NULL","NULL","Alleen de hier geselecteerde kamers/appartementen zullen gewist worden.","NULL"
"Entfernen Sie die Markierungen (mit [STRG] und Mausklick) die nicht gelöscht werden sollen!","Remove the remarks of the rooms that should not removed ([Strg] an mouseclick)","NULL","NULL","Markeringen verwijderen ([Ctrl] toets samen met een muisklik gebruiken), voor elke kamer/appartement welke niet gewist moet worden.","NULL"
"Willkommen auf der Wartungsseite","Welcome on the webinterface","NULL","NULL","Welkom in de Webinterface","NULL"
"ihres persönlichen Belegungsplanes","of your personal reservation map","NULL","NULL","van uw persoonlijk reserveringsoverzicht","NULL"
"und Ihrer Gästedatenbank Rezervi","and guest database Rezervi","NULL","NULL","en uw gasten datenbank van Rezervi","NULL"
"Der Benutzername und/oder das Passwort wurden falsch eingegeben, bitte wiederholen Sie Ihre Eingabe!","The username or the password are not correct, please try again!","NULL","NULL","Gebruikersnaam en/of wachtwoord is niet correct ingevuld, probeer het a.u.b. opnieuw!","NULL"
"Bitte melden Sie sich hier mit Ihrem Benutzernamen und Passwort an","Please login with your username and password","NULL","NULL","Aanmelden met uw gebruikersnaam en wachtwood","NULL"
"anmelden","login","NULL","NULL","aanmelden","NULL"
"Sie haben noch keinen Belegungs-/Reservierungsplan für Ihre Unterkunft?","You have no 'Rezervi' for your accommodation?","NULL","NULL","U heeft nog geen reserveringsoverzicht voor uw verblijf!","NULL"
"Klicken Sie hier um mehr Informationen zu erhalten!","Please klick here to get more information!","NULL","NULL","Klik hier voor meer informatie!","NULL"
"Bitte legen Sie als erstes ihre Zimmer/Appartements/etc. an, danach stehen Ihnen die weiteren Menüpunkte zur Verfügung","Please add at first your rooms. After that you will get more menu points","NULL","NULL","A.u.b. eerst een kamer/appartement toevoegen. Pas daarna zullen de andere menupunten zichtbaar worden.","NULL"
"Bitte geben Sie die Postleitzahl ein!","Please fill in the post code!","NULL","NULL","Postcode a.u.b. invullen!","NULL"
"Bitte geben Sie die E-Mail-Adresse ein!","Please fill in the eMail address!","NULL","NULL","E-Mailadres a.u.b. invullen!","NULL"
"Anfragen von Gästen als belegt bestätigen oder ablehnen","Confirm or delete booking requests","NULL","NULL","Aanvragen van gasten als gereserveerd bevestigen of afwijzen","NULL"
"Neue Reservierungen eingeben, Reservierungen bearbeiten oder löschen.","Add new reservations, change reservations or delete reservations","NULL","NULL","Nieuwe reservering toevoegen, reserveringen aanpassen of wissen","NULL"
"Gespeicherte Daten der Gäste bearbeiten oder abfragen (z. B. E-Mail-Adressen ausgeben)","Change your guests or show informations about your guests","NULL","NULL","Gegevens van de gast aanpassen of weergeven (b.v. e-mailadrers weergeven)","NULL"
"Neue Benutzer anlegen, ändern (z. B. Passwort) oder bestehende Benutzer löschen","Add new user or change/remove users","NULL","NULL","Nieuwe gebruiker toevoegen, reeds bestaande aanpassen (b.v. wachtwoord) of wissen","NULL"
"Diese Funktion ist nur für Administratoren verfügbar","This function is only for administrators","NULL","NULL","Deze funktie staat alleen administrators ter beschikking","NULL"
"Neue Zimmer/Appartements/Wohnung/etc. anlegen, löschen, oder bereits bestehende ändern","Add new rooms, remove or change rooms","NULL","NULL","Nieuwe kamer/appartement toevoegen, reeds bestaande aanpassen of wissen","NULL"
"Daten Ihrer Unterkunft ändern (z. B. E-Mail-Adresse)","Change the data of your accommodation (e.g. eMail address)","NULL","NULL","Gegevens m.b.t. verblijf aanpassen (b.v. e-mailadres)","NULL"
"Das Design Ihres persönlichen Reservierungsplanes ändern (z. B. Hintergrundfarbe)","Change the design of Rezervi (e.g. background colour)","NULL","NULL","Het design van uw persoonlijke reserveringsoverzicht wijzigen (b.v. achtergrondkleur)","NULL"
"Die automatischen E-Mail-Antworten an ihre Gäste ändern (z. B. Buchungsbestätigung) oder E-Mails an Ihre Gäste senden","Change the automatical eMail notifications to your guests or send eMails to your guests","NULL","NULL","Automatische e-mail antwoorden aan uw gast aanpassen (b.v. reserveringsbevestiging) of e-mails aan uw gasten versturen","NULL"
"Hiermit beenden Sie Ihre Sitzung","Log out from the Rezervi webinterface","NULL","NULL","Afmelden van de Rezervi webinterface","NULL"
"Ändern der zur Auswahl stehenden Sprachen ihres Belegungsplanes","Change the languages of your availability overview","NULL","NULL","Taalkeuzes voor het reserveringsoverzicht aanpassen","NULL"
"Ändern der Standard-Framegrößen des Belegungsplanes","Change the default frame size of your availability overview","NULL","NULL","Frame-groottes voor het reserveringsoverzicht aanpassen","NULL"
"Frames","frames","NULL","NULL","frames","NULL"
"relativ","relative","NULL","NULL","relatief"
"Ändern der Framegrößen","Change the frame sizes","NULL","NULL","Frame-grootte aanpassen"
"Belegungsplan links oder oben","Avalability overview left or top","NULL","NULL"
"Belegungsplan rechts oder unten","Avalability overview right or bottom","NULL","NULL"
"Webinterface links","Webinterface left","NULL","NULL","Webinterface links"
"Webinterface rechts","Webinterface right","NULL","NULL","Webinterface rechts"
"Die Framegrößen wurden erfolgreich geändert","The frame sizes were changed successful","NULL","NULL","De frame-groottes zijn met succes aangepast"
"Ändern der Standard-Ansicht ihres Belegungsplanes","Change the default view of your availability overview","NULL","NULL","Standaard weergave voor het reserveringsoverzicht aanpassen","NULL"
"Sprachen","languages","NULL","NULL","Talen","NULL"
"Standard-Sprache","default language","NULL","NULL","standaard taal","NULL"
"Ansicht","overview","NULL","NULL","Overzich","NULL"
"Markieren sie die Sprachen, die auf ihrer Website zur Auswahl angeboten werden sollen","Mark the languages that should be shown on your availability overview","NULL","NULL","Selecteer de talen welke u in het reserveringsoverzicht wilt tonen","NULL"
"Ändern der angezeigten Sprachen","Change the available languages","NULL","NULL","Aanpassen welke talen getoont kunnen worden","NULL"
"Estnisch","Estonian","NULL","NULL","Estoniaans","NULL"
"Die angezeigten Sprachen wurden erfolgreich geändert!","The shown languages are changed successful!","NULL","NULL","De getoonde talen zijn met succes aangepast!","NULL"
"Sie müssen mindestens eine Sprache auswählen!","You have to select at least one language!","NULL","NULL","Minstens één taal moet geselecteerd zijn!","NULL"
"Diverse Einstellungen von Rezervi ändern","Change some settings of Rezervi","NULL","NULL","Overige instellingen van Rezervi aanpassen","NULL"
"Ändern der Standard-Sprache","Change the default languages","NULL","NULL","Standaard taal aanpassen","NULL"
"Bitte wählen sie die Standard-Sprache ihres Belegungsplanes","Please select the default language of your availability overview","NULL","NULL","Standaard taal voor het reserveringsoverzicht selecteren","NULL"
"Bitte wählen sie die Standard-Sprache ihres Webinterfaces","Please select the default language of your webinterface","NULL","NULL","Standaard taal voor de webinterface selecteren","NULL"
"Es werden hier nur Sprachen angeboten die unter dem Menüpunkt 'Sprachen' ausgewählt wurden","Here you can find only these languages which you have selected in the menu 'languages'","NULL","NULL","Alleen die talen worden getoont, welke in het menu 'Talen' zijn geselecteerd","NULL"
"Die Standard-Sprache wurde erfolgreich geändert!","The default language is changed successful","NULL","NULL","De standaard taal is met succes aangepast","NULL"
"Zur ausgewählten Sprache wechseln","Change to your selected language","NULL","NULL","Omschakelen naar de geselecteerde taal","NULL"
"Buchungsanfrage aus dem Rezervi Buchungssystem","Booking request from the Rezervi booking system","NULL","NULL","Reserveringsaanvraag vanuit het Rezervi Reserveringssysteem","NULL"
"Die Anfrage wurde in estonischer Sprache gestellt","The booking request was done in Estonian","NULL","NULL","De aanvraag is in het estoniaans gemaakt","NULL"
"Zimmerart in italienisch","Type of the room in Italian","NULL","NULL","Kamertype in het italiaans","NULL"
"Zimmerart in spanisch","Type of the room in Spanish","NULL","NULL","Kamertype in het spaans","NULL"
"Zimmerart in estnisch","Type of the room in Estnia","NULL","NULL","Kamertype in het estoniaans","NULL"
"Zimmerart in deutsch","Type of the room in German","NULL","NULL","Kamertype in het duits","NULL"
"Zimmerart in englisch","Type of the room in English","NULL","NULL","Kamertype in het engels","NULL"
"Zimmerart in französisch","Type of the room in French","NULL","NULL","Kamertype in het frans","NULL"
"Zimmernummer in deutsch (z. B. Typ A, Nr. 10, Balkonzimmer, etc.)","Room number in German (e.g. Type A, 10, room with balcony, etc.)","NULL","NULL","Kamernummer in het duits (b.v. Type A, Nr. 10, kamer met balkon, etc.)","NULL"
"Zimmernummer in italienisch (z. B. Typ A, Nr. 10, Balkonzimmer, etc.)","Room number in Italian (e.g. Type A, 10, room with balcony, etc.)","NULL","NULL","Kamernummer in het italiaans (b.v. Type A, Nr. 10, kamer met balkon, etc.)","NULL"
"Zimmernummer in spanisch (z. B. Typ A, Nr. 10, Balkonzimmer, etc.)","Room number in Espania (e.g. Type A, 10, room with balcony, etc.)","NULL","NULL","Kamernummer in het spaans (b.v. Type A, Nr. 10, kamer met balkon, etc.)","NULL"
"Zimmernummer in estnisch (z. B. Typ A, Nr. 10, Balkonzimmer, etc.)","Room number in Estnia (e.g. Type A, 10, room with balcony, etc.)","NULL","NULL","Kamernummer in het estoniaans (b.v. Type A, Nr. 10, kamer met balkon, etc.)","NULL"
"Bitte geben Sie die Zimmernummer ihrer Standardsprache ein!","Please fill in the room number in your default language!","NULL","NULL","Kamernummer in uw standaard taal invullen","NULL"
"Bitte geben Sie die Zimmerart ein!","Please fill in the type of the room!","NULL","NULL","Kamertype invullen","NULL"
"Installation Rezervi Belegungsplan und Kundendatenbank","Installation of Rezervi","NULL","NULL","Installatie van Rezervi Reserveringsoverzicht en Gastendatenbank","NULL"
"Um die Installation erfolgreich durchführen zu können, müssen Sie eine Datenbank angelegt haben und die Zugangsdaten zu dieser Datenbank im File: conf/rdbmsConfig.php eingetragen haben","Please note that the file conf/rdbmsConfig.php must be setted correctly","NULL","NULL","Om de installatie met succes door te voeren, moet er een datenbank aangemaakt zijn en de inloggegevens m.b.t. deze datenbank in het bestand: conf/rdbmsConfig.php opgenomen zijn","NULL"
"Bei Problemen mit der Installation von Rezervi können Sie den Belegungsplan auch mieten oder sich an UTILO wenden","If you have ploblems with the installation you can also rent Rezervi or send an eMail to UTILO","NULL","NULL","Wanneer u problemen heeft met de installatie van Rezervi kunt u het reserveringsoverzicht ook huuren, stuurd hiervoor een e-mail aan UTILO","NULL"
"installiere Teil 1","install part 1","NULL","NULL","Installatie - Deel 1","NULL"
"installiere Teil 2","install part 2","NULL","NULL","Installatie - Deel 2","NULL"
"installiere Teil 3","install part 3","NULL","NULL","Installatie - Deel 3","NULL"
"Wenn Sie alle Punkte erfolgreich ausgeführt haben, können Sie Ihren Plan verwenden","If all installation steps done correctly you can use Rezervi","NULL","NULL","Wanneer alle punten met succes zijn uitgevoerd, kunt u Rezervi gaan gebruiken","NULL"
"Benutzen Sie dafür folgende URLs","Please use following URLs","NULL","NULL","Hiervoor kunt u de volgende URLs gebruiken","NULL"
"Die Startseite Ihres Belegungsplanes","The main site of the availability overview","NULL","NULL","De hoofdpagina voor het reserveringsoverzicht","NULL"
"http://ihre-domain/ihrInstallationsverzeichnis/","http://your-domain/yourInstallationFolder/","NULL","NULL","http://uw-domain/UwInstallatieDirectory/","NULL"
"Dieser Seite können Sie auch die gewünschte Sprache übergeben","You can add a language to this link","NULL","NULL","Met deze pagina kan ook de gewenste taal meegegeven worden","NULL"
"Sie können auch direkt die Suchfunktion aufrufen","You can directly go to the search function","NULL","NULL","Direct naar de zoekpagina gaan","NULL"
"Auch dieser Seite kann die gewünschte Sprache übergeben werden","You can also add a language to this link","NULL","NULL","Ook bij de volgende pagina's kan de taal meegegeven worden","NULL"
"Den Zugang zur Webschnittstelle erhalten sie über","The access to the webinterface is with","NULL","NULL","Toegang tot de webinterface","NULL"
"Nach erfolgreicher Installation sollten Sie den Ordner &quot;install&quot; auf Ihrem Webserver löschen, ansonsten kann durch einen Angriff von aussen Ihre Datenbank verändert werden","Please remove the folder &quot;install&quot; from your webserver if the installation is successful. Otherwise someone from outside can destroy your installation","NULL","NULL","Nadat de installatie met succes is uitgevoerd de directory &quot;install&quot; op uw webserver wissen, anders kan het gebeuren dat van buitenaf uw datenbank aangepast wordt","NULL"
"Wir sind ihnen auch gerne bei Fragen zur Installation behilflich. Senden sie uns einfach ein E-Mail unter","If you have problems - we can help you with the installation. Please send an eMail to","NULL","NULL","Wanneer u problemen heeft, kunnen wij u ook met de installatie helpen. Stuur hiervoor een e-mail aan","NULL"
"Teil 3 abgeschlossen","Part 3 finished","NULL","NULL","Deel 3 - afgesloten","NULL"
"So können sie Rezervi verlinken","So you can set links to Rezervi","NULL","NULL","Zo kunt u Rezervi verlinken","NULL"
"Verwenden sie als Benutzername und Passwort 'test' und ändern sie das Passwort nach erstmaligem Einstieg.","Please use the username and password 'test' and change it after your first login.","NULL","NULL","Als gebruikersnaam en wachtwoord kunt u 'test' invullen, het wachtwoord a.u.b. na de eerste aanmelding aanpassen!","NULL"
"Name der Unterkunft in Italienisch","Name of the accommodation in Italian","NULL","NULL","Naam van het verblijf in het italiaans","NULL"
"Name der Unterkunft in Spanisch","Name of the accommodation in Spain","NULL","NULL","Naam van het verblijf in het spaans","NULL"
"Name der Unterkunft in Estnisch","Name of the accommodation in Estnia","NULL","NULL","Naam van het verblijf in het estniaans","NULL"
"Land auf Spanisch","State in Spain","NULL","NULL","Land in het spaans","NULL"
"Land auf Estnisch","State in Estnia","NULL","NULL","Land in het estniaans","NULL"
"Art der Unterkunft in Englisch (z. B. Hotel, Pension, ...)","Type of the accommodation in English (e.g. hotel, house, ...)","NULL","NULL","Type van verblijf in het Engels (b.v. hotel, pension, ...)","NULL"
"Art der Unterkunft in Französisch (z. B. Hotel, Pension, ...)","Type of the accommodation in French (e.g. hotel, house, ...)","NULL","NULL","Type van verblijf in het Frans (b.v. hotel, pension, ...)","NULL"
"Art der Unterkunft in Deutsch (z. B. Hotel, Pension, ...)","Type of the accommodation in German (e.g. hotel, house, ...)","NULL","NULL","Type van verblijf in het Duits (b.v. hotel, pension, ...)","NULL"
"Art der Unterkunft in Italienisch (z. B. Hotel, Pension, ...)","Type of the accommodation in Italian (e.g. hotel, house, ...)","NULL","NULL","Type van verblijf in het Italiaans (b.v. hotel, pension, ...)","NULL"
"Art der Unterkunft in Spanisch (z. B. Hotel, Pension, ...)","Type of the accommodation in Spain (e.g. hotel, house, ...)","NULL","NULL","Type van verblijf in het Spaans (b.v. hotel, pension, ...)","NULL"
"Art der Unterkunft in Estnisch (z. B. Hotel, Pension, ...)","Type of the accommodation in Estnia (e.g. hotel, house, ...)","NULL","NULL","Type van verblijf in het Estoniaans (b.v. hotel, pension, ...)","NULL"
"(z. B. Ferienwohnung, Ferienhaus, Zimmer, Appartement)","(e.g. appartement, house, room)","NULL","NULL","(b.v. vakantiewoning, kamer appartement)","NULL"
"Bezeichnung der Zimmer in Deutsch","Name of the rooms in German","NULL","NULL","Omschrijving van de kamers in het Duits","NULL"
"Bezeichnung der Zimmer in Englisch","Name of the rooms in English","NULL","NULL","Omschrijving van de kamers in het Engels","NULL"
"Bezeichnung der Zimmer in Französisch","Name of the rooms in French","NULL","NULL","Omschrijving van de kamers in het Frans","NULL"
"Bezeichnung der Zimmer in Italienisch","Name of the rooms in Italian","NULL","NULL","Omschrijving van de kamers in het Italiaans","NULL"
"Bezeichnung der Zimmer in Spanisch","Name of the rooms in Spain","NULL","NULL","Omschrijving van de kamers in het Spaans","NULL"
"Bezeichnung der Zimmer in Estnisch","Name of the rooms in Estnia","NULL","NULL","Omschrijving van de kamers in het Estniaans","NULL"
"Bezeichnung der Zimmer in Deutsch - Mehrzahl","Name of the rooms in German - plural","NULL","NULL","Omschrijving van de kamers in het Duits - meervoud","NULL"
"Bezeichnung der Zimmer in Englisch - Mehrzahl","Name of the rooms in English - plural","NULL","NULL","Omschrijving van de kamers in het Engels - meervoud","NULL"
"Bezeichnung der Zimmer in Französisch - Mehrzahl","Name of the rooms in French - plural","NULL","NULL","Omschrijving van de kamers in het Frans - meervoud","NULL"
"Bezeichnung der Zimmer in Italienisch - Mehrzahl","Name of the rooms in Italian - plural","NULL","NULL","Omschrijving van de kamers in het Italiaans - meervoud","NULL"
"Bezeichnung der Zimmer in Spanisch - Mehrzahl","Name of the rooms in Spain - plural","NULL","NULL","Omschrijving van de kamers in het Spaans - meervoud","NULL"
"Bezeichnung der Zimmer in Estnisch - Mehrzahl","Name of the rooms in Estnia - plural","NULL","NULL","Omschrijving van de kamers in het Estniaans - meervoud","NULL"
"Es wurden nicht alle Felder korrekt ausgefüllt!","The fields are not correcty filled in!","NULL","NULL","Niet alle velden zijn correct ingevuld!","NULL"
"Texte in Italienisch","Texts in Italian","NULL","NULL","Tekst in het Italiaans","NULL"
"Texte in Spanisch","Texts in Spain","NULL","NULL","Tekst in het Spaans","NULL"
"Texte in Estnisch","Texts in Estnia","NULL","NULL","Tekst in het Estniaans","NULL"
"(z. B. Zimmer, Wohnung, Ferienwohnung, Appartement, etc.)","(e.g. room, appartement, ...)","NULL","NULL","(b.v. kamer, woning, vakantiewoning, appartement, enz.)","NULL"
"Reservierungsplan bearbeiten","availability overview","NULL","NULL","Reserveringsovrzicht bewerken","NULL"
"Anfragen bearbeiten","booking requests","NULL","NULL","Aanvragen bewerken","NULL"
"Gäste bearbeiten","guests","NULL","NULL","Gasten bewerken","NULL"
"Benutzerdaten bearbeiten","users","NULL","NULL","Gebruikersgegevens bewerken","NULL"
"Zimmer bearbeiten","rooms","NULL","NULL","Kamer bewerken","NULL"
"Unterkunft bearbeiten","accommodation","NULL","NULL","Verblijf bewerken","NULL"
"Diverse Einstellungen","adjustements","NULL","NULL","Diverse instellingen","NULL"
"Automatische e-Mails","automatical eMails","NULL","NULL","Automatische e-mails","NULL"
"Abmelden","log out","NULL","NULL","Afmelden","NULL"
"einen weiteren anlegen","add another one","NULL","NULL","een volgende toevoegen","NULL"
"Zimmer anlegen","add new room","NULL","NULL","Een nieuwe kamer/appartement toevoegen","NULL"
"Bitte geben Sie die Anzahl der Betten für Kinder und Erwachsene ein!","Please fill in the number of beds for children and adults!","NULL","NULL","A.u.b. het aantal van bedden voor volwassene en kinderen invullen!","NULL"
"einen Monat zurück","previous month","NULL","NULL","vorige maand","NULL"
"einen Monat weiter","next month","NULL","NULL","volgende maand","NULL"
"Sprache","Language","NULL","NULL","Taal","NULL"
"Es liegen folgende Reservierungen für den Gast vor (aufsteigend sortiert)","Here are the reservations for this guest (it shows last reservation first)","NULL","NULL","Reserveringen van deze gast (oplopend gesorteerd)","NULL"
"Gast löschen","delete guest","NULL","NULL","gast wissen","NULL"
"Ändern der Standard-Sprache des Belegungsplanes und Webinterfaces","Change the default language of your webinterface and availability overview","NULL","NULL","Standaardtaal aanpassen voor het Reserveringsoverzicht en de Webinterface","NULL"
"estonisch","Estonian","NULL","NULL","Estoniaans","NULL"
"ändern","change","NULL","NULL","aanpassen","NULL"
"Wenn sie diese Felder leer lassen wird auch in dieser Sprache die Standardsprache verwendet.","If you don't fill in these fields for this language the default language will be used.","NULL","NULL","Wanneer u deze velden leeg laat, zal in deze taal ook de stadaard taal gebruikt worden.","NULL"
"Gast-Infos anzeigen","Guest informations","NULL","NULL","Gasten informatie tonen","NULL"
"Anfrage löschen","delete booking request","NULL","NULL","Reserveringsaanvraag afwijzen","NULL"
"Anfrage bestätigen","confirm booking request","NULL","NULL","Reserveringsaanvraag bevestigen","NULL"
"Bitte geben Sie Ihre Nachricht ein!","Please fill in your message!","S'il vous plaît écrivez votre message!","NULL","Vul a.u.b. uw bericht in!","NULL"
"Gäste-Daten abfragen und bearbeiten","Get and change guest data","NULL","NULL","Gasten informatie opvragen en bewerken","NULL"
"Gast ändern","change guest","NULL","NULL","Gast aanpassen","NULL"
"fett","bold","NULL","NULL","vet"
"fetter","bolder","NULL","NULL","extra vet"
"standard","normal","NULL","NULL","normaal"
"kursiv","italic","NULL","NULL","kursief"
"links","left","NULL","NULL","links"
"rechts","right","NULL","NULL","rechts"
"zentriert","center","NULL","NULL","centreert"
"Blocksatz","justify","NULL","NULL","uitgevult"
"Wenn sie keinen Gast eingeben wird die Reservierung für einen anonymen Gast gespeichert","If you don't insert a guest the reservation will be stored with an anonymous guest","NULL","NULL","Wanneer geen gast wordt aangegeven, zal de reservering voor een anonieme gast opgeslagen worden"
"keinen Gast eingeben","insert no guest","NULL","NULL","geen gast ingevuld"
"anonymer Gast","anonymous guest","NULL","NULL","anonieme gast"
"Bilder hochladen oder ändern","Add or change pictures","NULL","NULL","Foto's uploaden of aanpassen"
"Bilder","pictures","NULL","NULL","Foto's"
"Einstellungen für Bilder der Zimmer","Picture settings for rooms","NULL","NULL","Instellingen voor foto's van de kamer"
"Bilder bei Suchergebnissen anzeigen","Show pictures at the result page of the search function","NULL","NULL","Foto's bij zoekresultaten weergeven"
"Maximale Höhe bei upload","Maximum width at upload time","NULL","NULL","Maximale hoogte bij upload"
"Maximale Breite bei upload","Maximum height at upload time","NULL","NULL","Maximale breedte bij upload"
"Die Einstellungen wurden erfolgreich geändert","The settings were changed successful","NULL","NULL","De instellingen zijn met succes aangepast"
"Bilder für Zimmer/Appartement/Wohnung/etc. hochladen","Upload pictures for rooms","NULL","NULL","Foto's voor kamers/appartementen/enz. Uploaden"
"Bild","Picture","NULL","NULL","Foto"
"Beschreibung","Description","NULL","NULL","Omschrijving"
"Das Upload Verzeichnis konnte nicht erstellt werden","Creating the upload directory was not successful","NULL","NULL","Upload directory kon niet aangemaakt worden"
"Das Bild wurde erfolgreich hochladen","The upload of the picture was successful","NULL","NULL","De foto is met succes geuploaded"
"Bitte wählen sie ein Zimmer!","Select a room please!","NULL","NULL","Selecteer a.u.b. een kamer!"
"Bitte wählen sie ein Bild!","Choose a picture please!","NULL","NULL","Selecteer a.u.b. een foto!"
"Das Bild wurde erfolgreich hochgeladen.","File upload succussful!","NULL","NULL","De foto is met succes geuploaded"
"Das Bild konnte nicht hochgeladen werden!","Possible file upload attack!","NULL","NULL","De foto kon niet geupload worden"
"URL zu weiteren Informationen (z. B. http://www.rezervi.com/index.php)","URL for more informations (e.g.: http://www.rezervi.com/index.php)","NULL","NULL","URL voor meer informatie (b.v.: http://www.rezervi.com/index.php)"
"Haustiere erlaubt","Pets permitted","NULL","NULL","Huisdieren toegestaan"
"Haustiere","Pets","NULL","NULL","Huisdieren"
"Samstag frei","Saturday available","NULL","NULL","Zaterdag vrij"
"Samstag reserviert","Saturday reserved","NULL","NULL","Zaterdag gereserveerd"
"Samstag belegt","Saturday occupied","NULL","NULL","Zaterdag gereserveerd"
"Ändern der Farbe der Samstag belegt-Anzeige","Change the colour of the occupied marks","NULL","NULL","Kleur aanpassen voor de weergave Zaterdag gereserverd"
"Ändern der Farbe der Samstag frei-Anzeige","Change the colour of the non occupied Saturdays","NULL","NULL","Kleur aanpassen voor de weergave Zaterdag vrij"
"Ändern der Farbe der Samstag reserviert-Anzeige","Change the colour of the reserved Saturdays"
"Link","Link","NULL","NULL","Link"
"Bilder für Zimmer/Appartement/Wohnung/etc. löschen","Delete uploaded pictures for rooms","NULL","NULL","Foto's voor kamers/appartementen/enz. Wissen"
"Bilder löschen","Delete pictures","NULL","NULL","Foto's wissen"
"Bild löschen","Delete picture","NULL","NULL","Foto Wissen"
"Bild wirklich löschen?","Are you sure to delete the picture?","NULL","NULL","Foto daadwerkelijk wissen?"
"weitere Bilder löschen","delete more pictures","NULL","NULL","nog meer foto's wissen"
"Das Bild konnte nicht gelöscht werden.","Deleting the picture was not successful.","NULL","NULL","De foto kon niet gewist worden"
"Das Bild wurde erfolgreich gelöscht.","The picture was deleted successful.","NULL","NULL","De foto is met succes gewist"
"zurückblättern","previous page","NULL","NULL","vorige pagina"
"weiterblättern","next page","NULL","NULL","volgende pagina"
"Belegungsplan&nbsp;","availability overview","NULL","NULL","reserveringsoverzicht"
"Einstellungen für den Belegungsplan","Properties for the availability overview","NULL","NULL","Instellingen voor het reserveringsoverzicht"
"Die Suchoptionen wurden erfolgreich geändert!","The search options was changes successful!","NULL","NULL","De zoekopties zijn met succes aangepast!"
"Die Änderungen wurden erfolgreich durchgeführt!","The changes were successful!","NULL","NULL","De aanpassingen zijn met succes uitgevoerd!"
"Samstage andersfärbig anzeigen.","Show Saturdays in other color.","NULL","NULL","Zaterdagen met een andere kleur tonen."
"Um die Farbe des Samstages zu ändern müssen sie [Design bearbeiten] aufrufen und die Hintergrundfarben zu [Samstag belegt] und [Samstag frei] ändern.","To change the color of the Saturdays you have to go to [change the design]. There you have to change the background colors of [Saturday not occupied] and [Saturday occupied]","NULL","NULL","Um de kleur van de zaterdagen aan te passen, ga naar [design aanpassen] en pas de achtergrondkleuren aan voor [zaterdag gereserveerd] en [zaterdag vrij]"
"Suche","search","NULL","NULL","zoeken"
"Ändern der Suchoptionen","Change search options","NULL","NULL","Zoekopties aanpassen"
"Markieren sie jene Auswahlmöglichkeiten, die bei der Suche zur Verfügung stehen sollen","Check the options that should be available for the search function","NULL","NULL","Selecteer de velden welke bij het zoeken gebruikt kunnen worden"
"Bitte wählen sie ein Zimmer aus!","Please select a room!","NULL","NULL","Selecteer a.u.b. een kamer!"
"Suche nach Anzahl der Erwachsenen und/oder Kindern auf gesamte Unterkunft einschränken","Limit the search for number of adults and/or children to entire accommodation","NULL","NULL","Zoekopdracht beperken m.b.t. het aantal volwassene en/of kinderen voor het gehele verblijf"
"Suche nach Anzahl der Erwachsenen und/oder Kindern auf einzelne Zimmer einschränken","Limit the search for number of adults and/or children to single rooms","NULL","NULL","Zoekopdracht beperken m.b.t. het aantal volwassene en/of kinderen voor een enkele kamer"
"Einschränken von Buchungen innerhalb eines bestimmten Zeitraumes","Restrictions of bookings in a time period","NULL","NULL","Het beperken van reserveringen voor een bepaalde tijds periode"
"Buchung einschränken","restriction of booking","NULL","NULL","reservering beperken"
"aktiviert","active","NULL","NULL","aktief"
"Zeitraum (z. B. Saison)","time period (saison)","NULL","NULL","tijd periode (b.v. seizoen)"
"Tag von","Day from","NULL","NULL","Dag van"
"Tag bis","Day to","NULL","NULL","Dag tot"
"Datum von","Date from","NULL","NULL","Datum van"
"Datum bis","Date to","NULL","NULL","Datum tot"
"Der Datensatz wurde erfolgreich entfernt","The date was deleted successful","NULL","NULL","De datum is met succes gewist!"
"Der Datensatz wurde erfolgreich hinzugefügt","The date was added successful","NULL","NULL","De datum is met succes toegevoegd"
"Buchungen sind nur von","Bookings are only from","NULL","NULL","Reserveringen zijn alleen van"
"erlaubt","allowed","NULL","NULL","toegestaan"
"Das gewählte Datum ist von","The choosen date is from","NULL","NULL","De gekozen datum is van"
"Die Buchungseinschränkung überschneidet sich mit einer bereits existierenden!","The booking restriction overlaps with an existing!","NULL","NULL","De reserveringsbeperking overlapt zich met een reeds bestaande!"
"Buchungsformular","booking form","NULL","NULL","Reserveringsformulier"
"Einstellungen für das Buchungsformular","Changes for the booking form","NULL","NULL","Instellingen voor het reserveringsformulier"
"Übernachtung","Overnight stay","Hébergement","NULL","Overnachting"
"Frühstück","Bed and breakfast","Petit-déjeuner","NULL","Ontbijt"
"Halbpension","Half board","Demi-pension","NULL","Halfpension"
"Vollpension","Full board","Pension complète","NULL","Volpension"
"Zusätzliche Attribute anzeigen:","Show following attributes:","NULL","NULL","Volgende attributen tonen:"
"Die Änderungen wurden erfolgreich durchgeführt.","The changes were done successful","NULL","NULL","De aanpassingen zijn met succes uitgevoerd!"
"hinzufügen","add","NULL","NULL","toevoegen"
"Zeitraum (z. B. Saison):","Period (eg. saison)","NULL","NULL","Periode (b.v. seizoen)"
"Bitte ändern sie nun ihre Einstellungen im Webinterface","Please change your setting in the webinterface now","NULL","NULL","A.u.b. uw instellingen nu in de webinterfache aanpassen"
"Webinterface öffnen","open webinterface","NULL","NULL","Webinterface openen"
"Es wurden noch keine Mietobjekte (z. B. Zimmer) eingegeben. Bitte rufen sie das Webinterface auf und geben sie ihre Mietobjekte ein.","You have no object for rent (eg. rooms) in your database. Please go to the webinterface and define your objects of rent.","NULL","NULL","Er zijn nog geen huurobjekten (b.v. kamers) in de datenbank ingevoerd. Start de webinterface en voeg objekten toe."
"löschen/hinzufügen","remove/add","NULL","NULL","wissen/toevoegen"
"Zu dieser Zeit ist bereits eine Buchung eingetragen!","At this time already a reservation is registered!","NULL","NULL","Voor deze tijd bestaald al een reservering"
"Bitte löschen sie zuerst bereits vorhandene Buchungen zu diesem Datum!","Please delete first existing reservations for this date!","NULL","NULL","A.u.b. de voor deze datum reeds bestaande reservering wissen!"
"Pension","Arrangement","NULL","NULL","Pension"
"G&auml;ste-Daten abfragen und bearbeiten","Show and edit guests","NULL","NULL","Gasten informatie opvragen en bewerken"
"Es werden hier nur Sprachen angeboten die unter dem Menüpunkt [Sprachen] ausgewählt wurden","You can see only this languages that you have selected in the menue point [languages]","NULL","NULL","Hier worden alleen de talen weergegeven, welke onder het menupunt [Talen] zijn geselecteerd"
"Kopie an eigene E-Mailadresse senden","Send a copy of the mail on my own e-mail address","NULL","NULL","Kopie aan eigen e-mailadres versturen"
"Folgende Nachricht wurde an ihren Gast versendet","Following message was sent to your guest","NULL","NULL","Het navolgende bericht wird aan uw gast verstuud"
"Die Anfrage wurde in holländische Sprache gestellt","The booking request was done in Dutch","NULL","NULL","De aanvraag is in het nederlands gemaakt"
"Texte in Holländisch","Texts in Dutch","NULL","NULL","Tekst in het nederlands"
"Niederländisch","Dutch","NULL","NULL","Nederlands"
"Name der Unterkunft in Holländisch","Name of the accommodation in Dutch","NULL","NULL","Naam van het verblijf in het Nederlands"
"Land auf Holländisch","State in Dutch","NULL","NULL","Land in het Nederlands"
"Zimmernummer in Holländisch (z. B. Typ A, Nr. 10, Balkonzimmer, etc.)","Room number in Dutch (e.g. 'A', '10' or 'room with balkony')","NULL","NULL","Kamernummer in het Nederlands (b.v. Type A, Nr. 10, kamer met balkon, enz.)"
"Beschreibung in Holländisch","Description in Dutch","NULL","NULL","Beschrijving in het Nederlands"
"Zimmerart in holländisch","Type of the room in Dutch","NULL","NULL","Kamertype in het nederlands"
"Art der Unterkunft in Holländisch (z. B. Hotel, Pension, ...)","Type of the accommodation in Dutch (e.g. hotel, house, ...)","NULL","NULL","Type van verblijf in het Nederlands (b.v. hotel, pension, ...)"
"Bezeichnung der Zimmer in Holländisch","Name of the rooms in Dutch","NULL","NULL","Omschrijving van de kamers in het Nederlands"
"Bezeichnung der Zimmer in Holländisch - Mehrzahl","Name of the rooms in Dutch - plural","NULL","NULL","Omschrijving van de kamers in het Nederlands - meervoud"
"Verwenden sie den Benutzernamen und das Password ","Please use as username and password ","NULL","NULL","Gebruik als gebruikersnaam en wachtwoord "
"wenn sie sich das erste mal anmelden. Vergessen sie nicht diese Daten danach zu ändern!","when you logon for the first time. Please change this after login!","NULL","NULL","wanneer u voor de eerste keer aanmeld. Vergeet niet deze gegevens na de eerste aanmelding aanpassen!"
"Weitere Attribute für Zimmer/Appartement/Wohnung/etc. bearbeiten","Edit additional attributes for rooms/appartements/etc."
"Attribute ändern","Edit attributes"
"Bezeichnung","label"
"Beschreibung","description"
"Attribute anzeigen","Show attributes"
"Das Attribut wurde erfolgreich entfernt.","The attribut was removed successfully"
"Das Attribut wurde erfolgreich hinzugefügt.","The attribut was added successfully"
"Die Attribute wurden erfolgreich gespeichert.","The attributes were changed successfully"
"Frame horizontal teilen","Split frame horizontal"
"Ansichten anzeigen","Show views"
"Preise hinzufügen, ändern, löschen","Add, change or remove prices"
"gültig von","valid from"
"gültig bis","vilid to"
"Saisonpreise bearbeiten","Edit season prices"
"Der Preis muss eingegeben werden.","Please insert the price."
"Der Preis ist kein gültiger Wert.","The price is not valid."
"Das gewählte Datum ist nicht korrekt.","The selected date is not valid."
"Es muss mindestens ein Mietobjekt ausgewählt werden.","You have to select at least one object to rent"
"Mietobjekt","object to rent"
"Der Preis wurde erfolgreich hinzugefügt.","The price was added successful."
"Der Preis wurde erfolgreich gelöscht.","The price was deleted successful."
"Die Preise wurden erfolgreich geändert.","The prices was changed successful."
"Definieren sie hier für jedes Mietobjekt einen Standardpreis. Wird bei der Berechnung des Preises kein Preis für eine Saison gefunden, dann wird dieser Preis zur Preisberechnung herangezogen.","Please define for every object to rent a price. If no saison price could be found, this price is the price for calculations."
"Gesamtpreis","all in price"
"Bitte geben sie die Waehrung ein.","Please fill in the currency"
"Währung ihrer Preisangaben","Currency of your prices"
"Reservierungen","Reservations"
"Einstellungen für Reservierungen","Properties of reservations"
"Eingehende Anfragen nach","Delete requests after"
"Tagen löschen falls unbestätigt.","days if they are not confirmed."
"(Bitte lassen sie dieses Feld leer falls dies nicht erwünscht ist.)","(Don't fill in this field if it is undesired.)"
"Samstag reserviert","Saturday reserved"
"Der Standardpreis ist gültig wenn zum ausgewählten Zeitpunkt kein Saisonpreis angegeben wurde.","The standard price is valid if no saison price is available for the given period of time."
"Falls Sie ein Haus mit mehreren Zimmern vermieten und die Zimmer des Hauses und das Haus selbst vermieten wollen, können Sie hier die Zimmer zum Haus festlegen. Das Haus und die Zimmer müssen vorher angelegt worden sein.","If you have a house with rooms and if you wish to rent the rooms and the house you can but rooms to the house with this function. The house and the rooms must already exists."
"Zimmer zusammenfassen","Merge rooms"
"Haus","House"
"Folgende Zimmer gehören zum ausgewählten Haus","The following rooms are part of the selected house"
"Bitte wählen Sie die Zimmer zum ausgewählten Haus.","Please choose the rooms to the selected house."
"Bilder hochladen","Upload pictures"
"Standardpreise bearbeiten","Edit standard prices"
"Bestehende Zuweisungen:","Existing merges:"
"Neue Zuweisungen:","New merging:"
"Achtung! Das Verzeichnis 'upload' ist nicht beschreibbar, Sie können erst Bilder hochladen wenn Sie diesem Verzeichnis Schreibrechte zuweisen!","The forder 'upload' is not writeable! You could not upload pictures!"
"Bilder und Beschreibungen im Belegungsplan anzeigen","Show pictures and descriptions in the availability overview"
"Keine Reservierungen für diesen Gast vorhanden.","There are no reservations for this guest in the database."